Model,MAE,RMSE
Moving Average,2.49202561963775,3.1679504732348978
Vanilla RNN,0.5042712092399597,0.722024631267657
LSTM,0.5165008306503296,0.7400449646356748
